pair_id,category,input,candidate_a,candidate_b,meaning_preservation_winner,grammar_winner,naturalness_winner,structure_winner,change_amount_fit_winner,overall_winner,review_notes
"pair-0001","ordinary-prose","The team used simple tools to organize the notes and review difficult ideas before the meeting.","The team used basic tools to organize the notes and review difficult ideas before the meeting.","The team used basic tools to organize the notes and examine challenging ideas before the meeting.","","","","","","",""
"pair-0002","ordinary-prose","The team used simple tools to organize the notes and review difficult ideas before the meeting.","The team used basic tools to organize the notes and examine challenging ideas before the meeting.","The team used basic tools to organize the notes and examine challenging ideas before the meeting.","","","","","","",""
"pair-0003","ordinary-prose","The team used simple tools to organize the notes and review difficult ideas before the meeting.","The team used basic tools to organize the notes and examine challenging ideas before the meeting.","The team used basic applications to organize the notes and examine challenging possibilities before the meeting.","","","","","","",""
"pair-0004","cause-and-evidence","The researchers revised the proposal after reviewers identified two gaps in the evidence. The new version explains how each claim is supported.","The researchers revised the proposal after reviewers identified two gaps in the evidence. The new version explains how each claim is supported.","The analysts revised the proposal after reviewers identified two gaps in the evidence. The new version explains how each claim is supported.","","","","","","",""
"pair-0005","cause-and-evidence","The researchers revised the proposal after reviewers identified two gaps in the evidence. The new version explains how each claim is supported.","The analysts revised the proposal after reviewers identified two gaps in the evidence. The new version explains how each claim is supported.","The analysts revised the proposal after reviewers identified two gaps in the evidence. The new version explains how each claim is supported.","","","","","","",""
"pair-0006","cause-and-evidence","The researchers revised the proposal after reviewers identified two gaps in the evidence. The new version explains how each claim is supported.","The analysts revised the proposal after reviewers identified two gaps in the evidence. The new version explains how each claim is supported.","The analysts revised the proposal after reviewers identified two gaps in the evidence. The new version explains how each claim is supported.","","","","","","",""
"pair-0007","professional-tone","I was frustrated when the deadline changed, but I asked for clarification before responding to the client.","I was frustrated when the deadline changed, but I asked for clarification before responding to the client.","I was frustrated when the deadline changed, but I asked for clarification before responding to the client.","","","","","","",""
"pair-0008","professional-tone","I was frustrated when the deadline changed, but I asked for clarification before responding to the client.","I was frustrated when the deadline changed, but I asked for clarification before responding to the client.","I was frustrated when the deadline changed, but I asked for clarification before responding to the client.","","","","","","",""
"pair-0009","professional-tone","I was frustrated when the deadline changed, but I asked for clarification before responding to the client.","I was frustrated when the deadline changed, but I asked for clarification before responding to the client.","I was frustrated when the deadline changed, but I asked for clarification before responding to the client.","","","","","","",""
"pair-0010","technical-prose","Because the service runs offline, the editor can keep private notes on the laptop instead of uploading them.","Because the service runs offline, the editor can keep private notes on the laptop instead of uploading them.","Because the service runs offline, the editor can keep private notes on the laptop instead of uploading them.","","","","","","",""
"pair-0011","technical-prose","Because the service runs offline, the editor can keep private notes on the laptop instead of uploading them.","Because the service runs offline, the editor can keep private notes on the laptop instead of uploading them.","Because the service runs offline, the editor can keep private notes on the laptop instead of uploading them.","","","","","","",""
"pair-0012","technical-prose","Because the service runs offline, the editor can keep private notes on the laptop instead of uploading them.","Because the service runs offline, the editor can keep private notes on the laptop instead of uploading them.","Because the service runs offline, the editor can keep private notes on the laptop instead of uploading them.","","","","","","",""
"pair-0013","contrast","Although the method is simple, it may take time to understand how the parts work together.","Even though the method is simple, it may take time to understand how the parts work together.","Although the method is simple, it may take time to understand how the parts work together.","","","","","","",""
"pair-0014","contrast","Although the method is simple, it may take time to understand how the parts work together.","Even though the method is simple, it may take time to understand how the parts work together.","Even though the method is easy, it may take time to understand how the parts work together.","","","","","","",""
"pair-0015","contrast","Although the method is simple, it may take time to understand how the parts work together.","Even though the method is effortless, it may require time to grasp how the parts work together.","Even though the method is easy, it may take time to understand how the parts work together.","","","","","","",""
"pair-0016","condition","If the first test fails, the team can restore the saved configuration and try the smaller change.","If the first test fails, the team can restore the saved configuration and try the smaller change.","If the first test fails, the team can restore the saved configuration and try the smaller change.","","","","","","",""
"pair-0017","condition","If the first test fails, the team can restore the saved configuration and try the smaller change.","If the first test fails, the team can restore the saved configuration and try the smaller change.","If the first test fails, the team can restore the saved configuration and try the smaller change.","","","","","","",""
"pair-0018","condition","If the first test fails, the team can restore the saved configuration and try the smaller change.","If the first test fails, the team can restore the saved configuration and try the smaller change.","The team can restore the saved configuration and try the smaller change if the first test fails.","","","","","","",""
"pair-0019","chronology","After the workshop ended, the volunteers compared their notes and then changed the plan for the next session.","After the workshop ended, the volunteers compared their notes and then changed the plan for the next session.","After the workshop ended, the volunteers compared their notes and then changed the plan for the next session.","","","","","","",""
"pair-0020","chronology","After the workshop ended, the volunteers compared their notes and then changed the plan for the next session.","After the workshop ended, the volunteers compared their notes and then changed the plan for the next session.","After the workshop ended, the volunteers compared their notes and then changed the plan for the next session.","","","","","","",""
"pair-0021","chronology","After the workshop ended, the volunteers compared their notes and then changed the plan for the next session.","The volunteers compared their notes and then changed the plan for the next session after the workshop ended.","After the workshop ended, the volunteers compared their notes and then changed the plan for the next session.","","","","","","",""
"pair-0022","modality","The early results suggest that the approach could help, but the team should collect more evidence before making a firm claim.","The early results suggest that the approach could help, but the team should collect more evidence before making a firm claim.","The early results suggest that the approach could help, but the team should collect more evidence before making a firm claim.","","","","","","",""
"pair-0023","modality","The early results suggest that the approach could help, but the team should collect more evidence before making a firm claim.","The early results suggest that the approach could help, but the team should collect more evidence before making a firm claim.","The early results suggest that the approach could help, but the team should collect more evidence before making a firm claim.","","","","","","",""
"pair-0024","modality","The early results suggest that the approach could help, but the team should collect more evidence before making a firm claim.","The early results suggest that the approach could help, but the team should collect more evidence before making a firm claim.","Before making a firm claim, the early results suggest that the approach could help, but the team should collect more evidence.","","","","","","",""
"pair-0025","negation","The update did not remove the warning, so the editor kept the original setting and documented the limitation.","The update did not remove the warning, so the editor kept the original setting and documented the limitation.","The update did not remove the warning, so the editor kept the original setting and documented the limitation.","","","","","","",""
"pair-0026","negation","The update did not remove the warning, so the editor kept the original setting and documented the limitation.","The update did not remove the warning, so the editor kept the original setting and documented the limitation.","The update did not remove the warning, so the editor kept the original setting and documented the limitation.","","","","","","",""
"pair-0027","negation","The update did not remove the warning, so the editor kept the original setting and documented the limitation.","The update did not remove the warning, so the editor kept the original setting and documented the limitation.","The update did not remove the warning, so the editor kept the original setting and documented the limitation.","","","","","","",""
"pair-0028","quantity","Most participants finished the survey, but only a few explained why they chose that answer.","Most participants finished the survey, but only a few explained why they chose that answer.","Most participants finished the survey, but only a few explained why they chose that answer.","","","","","","",""
"pair-0029","quantity","Most participants finished the survey, but only a few explained why they chose that answer.","Most participants finished the survey, but only a few explained why they chose that answer.","Most participants finished the survey, but only a few explained why they chose that answer.","","","","","","",""
"pair-0030","quantity","Most participants finished the survey, but only a few explained why they chose that answer.","Most participants finished the survey, but only a few explained why they chose that answer.","Most participants finished the survey, but only a few explained why they chose that answer.","","","","","","",""
"pair-0031","factual-anchors","Maya Chen reported a 42.5% improvement on 2024-10-06 and linked the result to https://example.com/report.","Maya Chen reported a 42.5% improvement on 2024-10-06 and linked the result to https://example.com/report.","Maya Chen reported a 42.5% improvement on 2024-10-06 and linked the result to https://example.com/report.","","","","","","",""
"pair-0032","factual-anchors","Maya Chen reported a 42.5% improvement on 2024-10-06 and linked the result to https://example.com/report.","Maya Chen reported a 42.5% improvement on 2024-10-06 and linked the result to https://example.com/report.","Maya Chen reported a 42.5% improvement on 2024-10-06 and linked the result to https://example.com/report.","","","","","","",""
"pair-0033","factual-anchors","Maya Chen reported a 42.5% improvement on 2024-10-06 and linked the result to https://example.com/report.","Maya Chen reported a 42.5% improvement on 2024-10-06 and linked the result to https://example.com/report.","Maya Chen reported a 42.5% improvement on 2024-10-06 and linked the result to https://example.com/report.","","","","","","",""
"pair-0034","quoted-text","The manager said, ""Please send the final draft after you check the figures."" I saved the request in the project notes.","The manager said, ""Please send the final draft after you check the figures."" I saved the request in the project notes.","The manager said, ""Please send the final draft after you check the figures."" I saved the request in the project notes.","","","","","","",""
"pair-0035","quoted-text","The manager said, ""Please send the final draft after you check the figures."" I saved the request in the project notes.","The manager said, ""Please send the final draft after you check the figures."" I saved the request in the project notes.","The manager said, ""Please send the final draft after you check the figures."" I saved the request in the project notes.","","","","","","",""
"pair-0036","quoted-text","The manager said, ""Please send the final draft after you check the figures."" I saved the request in the project notes.","The manager said, ""Please send the final draft after you check the figures."" I saved the request in the project notes.","The manager said, ""Please send the final draft after you check the figures."" I saved the request in the project notes.","","","","","","",""
"pair-0037","factual-anchors","The invoice lists $1,250 for the annual plan, and the renewal date is March 14, 2027.","The invoice lists $1,250 for the annual plan, and the renewal date is March 14, 2027.","The invoice lists $1,250 for the annual plan, and the renewal date is March 14, 2027.","","","","","","",""
"pair-0038","factual-anchors","The invoice lists $1,250 for the annual plan, and the renewal date is March 14, 2027.","The invoice lists $1,250 for the annual plan, and the renewal date is March 14, 2027.","The invoice lists $1,250 for the annual plan, and the renewal date is March 14, 2027.","","","","","","",""
"pair-0039","factual-anchors","The invoice lists $1,250 for the annual plan, and the renewal date is March 14, 2027.","The invoice lists $1,250 for the annual plan, and the renewal date is March 14, 2027.","The invoice lists $1,250 for the annual plan, and the renewal date is March 14, 2027.","","","","","","",""
"pair-0040","factual-anchors","Ava Lopez asked Jordan Kim to review the draft because Jordan had already checked the references.","Ava Lopez asked Jordan Kim to review the draft because Jordan had already checked the references.","Ava Lopez asked Jordan Kim to review the draft because Jordan had already checked the references.","","","","","","",""
"pair-0041","factual-anchors","Ava Lopez asked Jordan Kim to review the draft because Jordan had already checked the references.","Ava Lopez asked Jordan Kim to review the draft because Jordan had already checked the references.","Ava Lopez asked Jordan Kim to review the draft because Jordan had already checked the references.","","","","","","",""
"pair-0042","factual-anchors","Ava Lopez asked Jordan Kim to review the draft because Jordan had already checked the references.","Ava Lopez asked Jordan Kim to review the draft because Jordan had already checked the references.","Ava Lopez asked Jordan Kim to review the draft because Jordan had already checked the references.","","","","","","",""
"pair-0043","cross-sentence-cohesion","Our group met on Tuesday and divided the presentation into three parts. This plan made the work easier because everyone knew which section they owned.","Our group met on Tuesday and divided the presentation into three parts. This plan made the work easier because everyone knew which section they owned.","Our group met on Tuesday and divided the presentation into three parts. This plan made the work easier because everyone knew which section they owned.","","","","","","",""
"pair-0044","cross-sentence-cohesion","Our group met on Tuesday and divided the presentation into three parts. This plan made the work easier because everyone knew which section they owned.","Our group met on Tuesday and divided the presentation into three parts. This plan made the work easier because everyone knew which section they owned.","Our group met on Tuesday and divided the presentation into three parts. This plan made the work easier because everyone knew which section they owned.","","","","","","",""
"pair-0045","cross-sentence-cohesion","Our group met on Tuesday and divided the presentation into three parts. This plan made the work easier because everyone knew which section they owned.","Our group met on Tuesday and divided the presentation into three parts. This plan made the work easier because everyone knew which section they owned.","Our group met on Tuesday and divided the presentation into three parts. This plan made the work easier because everyone knew which section they owned.","","","","","","",""
"pair-0046","note-fragment","Meeting notes: review the opening paragraph. Ask Priya about the missing chart. Send the revised outline before Friday.","Meeting notes: review the opening passage. Ask Priya about the missing chart. Send the revised outline before Friday.","Meeting notes: review the opening paragraph. Ask Priya about the missing chart. Send the revised outline before Friday.","","","","","","",""
"pair-0047","note-fragment","Meeting notes: review the opening paragraph. Ask Priya about the missing chart. Send the revised outline before Friday.","Meeting notes: review the opening passage. Ask Priya about the missing chart. Send the revised outline before Friday.","Meeting notes: review the opening passage. Ask Priya about the missing chart. Pass along the revised outline before Friday.","","","","","","",""
"pair-0048","note-fragment","Meeting notes: review the opening paragraph. Ask Priya about the missing chart. Send the revised outline before Friday.","Meeting notes: review the opening passage. Ask Priya about the missing chart. Pass together with the revised outline before Friday.","Meeting notes: review the opening passage. Ask Priya about the missing chart. Pass along the revised outline before Friday.","","","","","","",""
"pair-0049","sentence-boundary","The draft was late, the reasons were unclear, and the team said they were waiting for one more source.","The draft was late; the reasons were unclear, and the team said they were waiting for one more source.","The draft was late; the reasons were unclear, and the team said they were waiting for one more source.","","","","","","",""
"pair-0050","sentence-boundary","The draft was late, the reasons were unclear, and the team said they were waiting for one more source.","The draft was late; the reasons were unclear, and the team said they were waiting for one more source.","The manuscript was late; the reasons were unclear, and the team said they were waiting for one more source.","","","","","","",""
"pair-0051","sentence-boundary","The draft was late, the reasons were unclear, and the team said they were waiting for one more source.","The manuscript was late; the reasons were unclear, and the team said they were waiting for one more source.","The manuscript was late; the reasons were unclear, and the team said they were waiting for one more source.","","","","","","",""
"pair-0052","technical-prose","The client uses API v2.3.1, so the adapter must preserve the response format while the migration is tested.","The client uses API v2.3.1, so the adapter must preserve the response format while the migration is tested.","The client uses API v2.3.1, so the adapter must preserve the response format while the migration is tested.","","","","","","",""
"pair-0053","technical-prose","The client uses API v2.3.1, so the adapter must preserve the response format while the migration is tested.","The client uses API v2.3.1, so the adapter must preserve the response format while the migration is tested.","The client uses API v2.3.1, so the adapter must preserve the response format while the migration is tested.","","","","","","",""
"pair-0054","technical-prose","The client uses API v2.3.1, so the adapter must preserve the response format while the migration is tested.","The client uses API v2.3.1, so the adapter must preserve the response format while the migration is tested.","The client uses API v2.3.1, so the adapter must preserve the response format while the migration is tested.","","","","","","",""
"pair-0055","personal-voice","I appreciate your help with this project, and I want to explain the one decision that still worries me.","I appreciate your help with this project, and I want to explain the one decision that still worries me.","I appreciate your assistance with this project, and I want to explain the one decision that still worries me.","","","","","","",""
"pair-0056","personal-voice","I appreciate your help with this project, and I want to explain the one decision that still worries me.","I appreciate your assistance with this project, and I want to describe the one decision that still worries me.","I appreciate your assistance with this project, and I want to explain the one decision that still worries me.","","","","","","",""
"pair-0057","personal-voice","I appreciate your help with this project, and I want to explain the one decision that still worries me.","I appreciate your assistance with this project, and I want to describe the one decision that still worries me.","I appreciate your assistance with this project, and I want to describe the one decision that still worries me.","","","","","","",""
"pair-0058","social-context","The class discussed whether silence communicates agreement, uncertainty, or respect in different settings.","The class discussed whether silence communicates agreement, uncertainty, or respect in varied settings.","The class discussed whether silence communicates agreement, uncertainty, or respect in different settings.","","","","","","",""
"pair-0059","social-context","The class discussed whether silence communicates agreement, uncertainty, or respect in different settings.","The class discussed whether silence communicates agreement, uncertainty, or respect in varied settings.","The classroom group discussed whether silence communicates agreement, uncertainty, or respect in varied settings.","","","","","","",""
"pair-0060","social-context","The class discussed whether silence communicates agreement, uncertainty, or respect in different settings.","The classroom group discussed whether silence communicates agreement, uncertainty, or respect in varied settings.","The classroom group discussed whether silence communicates agreement, uncertainty, or respect in varied settings.","","","","","","",""
"pair-0061","personal-voice","I think the plan is workable, but I do not want to promise a result that the current evidence cannot support.","I think the plan is workable, but I do not want to promise a result that the current evidence cannot support.","I think the plan is workable, but I do not want to promise a result that the current evidence cannot support.","","","","","","",""
"pair-0062","personal-voice","I think the plan is workable, but I do not want to promise a result that the current evidence cannot support.","I think the plan is workable, but I do not want to promise a result that the current evidence cannot support.","I think the plan is workable, but I do not want to promise a result that the current evidence cannot support.","","","","","","",""
"pair-0063","personal-voice","I think the plan is workable, but I do not want to promise a result that the current evidence cannot support.","I think the plan is workable, but I do not want to promise a result that the current evidence cannot support.","I think the plan is workable, but I do not want to promise a result that the current evidence cannot support.","","","","","","",""
"pair-0064","multi-sentence-flow","The tool helps writers organize ideas without forcing every sentence into the same formal style. It keeps the original point of view and highlights places that need a human decision. The result should feel clearer, not like a different person wrote it.","The tool helps communicators organize possibilities without forcing every sentence into the same formal style. It keeps the original point of perspective and highlights places that require a human decision. The result should feel clearer, not like a different person wrote it.","The tool helps writers organize ideas without forcing every sentence into the same formal style. It keeps the original point of view and highlights places that need a human decision. The result should feel clearer, not like a different person wrote it.","","","","","","",""
"pair-0065","multi-sentence-flow","The tool helps writers organize ideas without forcing every sentence into the same formal style. It keeps the original point of view and highlights places that need a human decision. The result should feel clearer, not like a different person wrote it.","The tool helps communicators organize possibilities without forcing every sentence into the same formal style. It keeps the original point of perspective and highlights places that require a human decision. The result should feel clearer, not like a different person wrote it.","The tool helps communicators organize possibilities without forcing every sentence into the same formal style. It keeps the original point of perspective and highlights places that require a human decision. The result should feel clearer, not like a different person wrote it.","","","","","","",""
"pair-0066","multi-sentence-flow","The tool helps writers organize ideas without forcing every sentence into the same formal style. It keeps the original point of view and highlights places that need a human decision. The result should feel clearer, not like a different person wrote it.","The tool helps communicators organize possibilities without forcing every sentence into the same formal style. It keeps the original point of position and highlights places that require a human decision. The result should feel clearer, not like a different person wrote it.","The tool helps communicators organize possibilities without forcing every sentence into the same formal style. It keeps the original point of perspective and highlights places that require a human decision. The result should feel clearer, not like a different person wrote it.","","","","","","",""
"pair-0067","parallel-structure","A clear explanation should define the problem, acknowledge its limits, and give readers a practical next step.","A direct explanation should define the problem, acknowledge its limits, and give readers a practical next step.","A direct explanation should define the issue, acknowledge its limits, and offer readers a practical next step.","","","","","","",""
"pair-0068","parallel-structure","A clear explanation should define the problem, acknowledge its limits, and give readers a practical next step.","A direct explanation should define the issue, acknowledge its limits, and offer readers a practical next step.","A direct explanation should define the issue, acknowledge its limits, and offer readers a practical next step.","","","","","","",""
"pair-0069","parallel-structure","A clear explanation should define the problem, acknowledge its limits, and give readers a practical next step.","A direct explanation should define the issue, acknowledge its limits, and offer readers a practical next step.","A straightforward explanation should define the issue, acknowledge its limits, and offer readers a practical next step.","","","","","","",""
"pair-0070","professional-tone","Please review the attached summary, mark any unsupported claim, and return your comments by Thursday afternoon.","Please review the attached summary, mark any unsupported claim, and return your comments by Thursday afternoon.","Please review the attached summary, mark any unsupported claim, and return your comments by Thursday afternoon.","","","","","","",""
"pair-0071","professional-tone","Please review the attached summary, mark any unsupported claim, and return your comments by Thursday afternoon.","Please review the attached summary, mark any unsupported claim, and return your comments by Thursday afternoon.","Please review the attached summary, mark any unsupported claim, and return your comments by Thursday afternoon.","","","","","","",""
"pair-0072","professional-tone","Please review the attached summary, mark any unsupported claim, and return your comments by Thursday afternoon.","Please review the attached summary, mark any unsupported claim, and return your comments by Thursday afternoon.","Please review the attached summary, mark any unsupported claim, and return your comments by Thursday afternoon.","","","","","","",""
"pair-0073","multi-sentence-reflection","I expected the meeting to resolve the disagreement, but we left with two open questions. I am comfortable with the delay as long as the next review includes the original data.","I expected the meeting to resolve the disagreement, but we left with two open questions. I am comfortable with the delay as long as the next review covers the original data.","I expected the meeting to resolve the disagreement, but we left with two open questions. I am comfortable with the delay as long as the next review covers the original data.","","","","","","",""
"pair-0074","multi-sentence-reflection","I expected the meeting to resolve the disagreement, but we left with two open questions. I am comfortable with the delay as long as the next review includes the original data.","I expected the meeting to resolve the disagreement, but we left with two open questions. I am comfortable with the delay as long as the next review covers the source data.","I expected the meeting to resolve the disagreement, but we left with two open questions. I am comfortable with the delay as long as the next review covers the original data.","","","","","","",""
"pair-0075","multi-sentence-reflection","I expected the meeting to resolve the disagreement, but we left with two open questions. I am comfortable with the delay as long as the next review includes the original data.","I expected the meeting to resolve the disagreement, but we left with two open questions. I am comfortable with the delay as long as the next review covers the source data.","I expected the meeting to resolve the disagreement, but we left with two open questions. I am comfortable with the delay as long as the next review covers the source data.","","","","","","",""
"pair-0076","multi-sentence-explanation","The first draft contains the right information, but readers have to search for the main point. Moving the explanation earlier could make the section easier to follow.","The first draft contains the right information, but readers have to search for the main point. Moving the explanation earlier could make the section easier to follow.","The first manuscript contains the right information, but readers have to search for the main point. Moving the explanation earlier could construct the section easier to follow.","","","","","","",""
"pair-0077","multi-sentence-explanation","The first draft contains the right information, but readers have to search for the main point. Moving the explanation earlier could make the section easier to follow.","The first manuscript contains the right information, but readers have to search for the main point. Moving the explanation earlier could construct the section easier to follow.","The first manuscript contains the right information, but readers have to search for the main point. Moving the explanation earlier could construct the section easier to follow.","","","","","","",""
"pair-0078","multi-sentence-explanation","The first draft contains the right information, but readers have to search for the main point. Moving the explanation earlier could make the section easier to follow.","The first manuscript contains the right information, but readers have to search for the main point. Moving the explanation earlier could construct the section easier to follow.","The first manuscript contains the right information, but readers have to search for the main point. Moving the explanation earlier could construct the section easier to follow.","","","","","","",""
"pair-0079","multi-sentence-quantity","Out of 18 respondents, 11 chose the second option and 5 chose the first. The remaining two skipped the question.","Out of 18 respondents, 11 chose the second option and 5 chose the first. The remaining two skipped the question.","Out of 18 respondents, 11 chose the second option and 5 chose the first. The remaining two skipped the question.","","","","","","",""
"pair-0080","multi-sentence-quantity","Out of 18 respondents, 11 chose the second option and 5 chose the first. The remaining two skipped the question.","Out of 18 respondents, 11 chose the second option and 5 chose the first. The remaining two skipped the question.","Out of 18 respondents, 11 chose the second option and 5 chose the first. The remaining two skipped the question.","","","","","","",""
"pair-0081","multi-sentence-quantity","Out of 18 respondents, 11 chose the second option and 5 chose the first. The remaining two skipped the question.","Out of 18 respondents, 11 chose the second option and 5 chose the first. The remaining two skipped the question.","Out of 18 respondents, 11 chose the second option and 5 chose the first. The remaining two skipped the question.","","","","","","",""
"pair-0082","multi-sentence-cause","Our team missed the first deadline because two figures were incomplete. We sent the finished version the next morning and explained the delay.","Our team missed the first deadline because two figures were incomplete. We sent the finished version the next morning and explained the delay.","Our team missed the first deadline because two figures were incomplete. We sent the finished version the next morning and explained the delay.","","","","","","",""
"pair-0083","multi-sentence-cause","Our team missed the first deadline because two figures were incomplete. We sent the finished version the next morning and explained the delay.","Our team missed the first deadline because two figures were incomplete. We sent the finished version the next morning and explained the delay.","Our team missed the first deadline because two figures were incomplete. We sent the finished version the next morning and explained the delay.","","","","","","",""
"pair-0084","multi-sentence-cause","Our team missed the first deadline because two figures were incomplete. We sent the finished version the next morning and explained the delay.","Our team missed the first deadline because two figures were incomplete. We sent the finished version the next morning and explained the delay.","Our team missed the first deadline because two figures were incomplete. We sent the finished version the next morning and explained the delay.","","","","","","",""
"pair-0085","multi-sentence-negation","The site works without an account, so visitors can read the guidance before sharing personal information. It does not save the page on their device.","The site works without an account, so visitors can read the guidance before sharing personal information. It does not save the page on their device.","The site works without an account, so visitors can read the guidance before sharing personal information. It does not save the page on their device.","","","","","","",""
"pair-0086","multi-sentence-negation","The site works without an account, so visitors can read the guidance before sharing personal information. It does not save the page on their device.","The site works without an account, so visitors can read the guidance before sharing personal information. It does not save the page on their device.","The site works without an account, so visitors can read the guidance before sharing personal information. It does not save the page on their device.","","","","","","",""
"pair-0087","multi-sentence-negation","The site works without an account, so visitors can read the guidance before sharing personal information. It does not save the page on their device.","Before sharing personal information, the site works without an account, so visitors can read the guidance. It does not save the page on their device.","The site works without an account, so visitors can read the guidance before sharing personal information. It does not save the page on their device.","","","","","","",""
"pair-0088","multi-sentence-modality","A larger sample may improve the estimate, but size alone does not guarantee a fair comparison. Researchers should also explain how participants were selected.","A larger sample may strengthen the estimate, but size alone does not guarantee a fair comparison. Researchers should also explain how participants were selected.","A larger sample may strengthen the estimate, but size alone does not guarantee a fair comparison. Analysts should also explain how participants were selected.","","","","","","",""
"pair-0089","multi-sentence-modality","A larger sample may improve the estimate, but size alone does not guarantee a fair comparison. Researchers should also explain how participants were selected.","A larger sample may strengthen the estimate, but size alone does not guarantee a fair comparison. Analysts should additionally explain how participants were selected.","A larger sample may strengthen the estimate, but size alone does not guarantee a fair comparison. Analysts should also explain how participants were selected.","","","","","","",""
"pair-0090","multi-sentence-modality","A larger sample may improve the estimate, but size alone does not guarantee a fair comparison. Researchers should also explain how participants were selected.","A larger sample may strengthen the estimate, but size alone does not guarantee a fair comparison. Analysts should additionally explain how participants were selected.","A larger sample may strengthen the estimate, but size alone does not guarantee a fair comparison. Analysts should additionally construct clear how participants were selected.","","","","","","",""
"pair-0091","multi-sentence-chronology","On Monday, Jamal sent the draft to Priya. Priya returned it on Wednesday after checking the references.","On Monday, Jamal sent the draft to Priya. Priya returned it on Wednesday after checking the references.","On Monday, Jamal sent the manuscript to Priya. Priya returned it on Wednesday after checking the references.","","","","","","",""
"pair-0092","multi-sentence-chronology","On Monday, Jamal sent the draft to Priya. Priya returned it on Wednesday after checking the references.","On Monday, Jamal sent the manuscript to Priya. Priya returned it on Wednesday after checking the references.","On Monday, Jamal sent the manuscript to Priya. Priya returned it on Wednesday after checking the references.","","","","","","",""
"pair-0093","multi-sentence-chronology","On Monday, Jamal sent the draft to Priya. Priya returned it on Wednesday after checking the references.","On Monday, Jamal sent the manuscript to Priya. Priya returned it on Wednesday after checking the references.","On Monday, Jamal sent the manuscript to Priya. Priya returned it on Wednesday after checking the references.","","","","","","",""
"pair-0094","multi-sentence-instruction","Before you publish the chart, check the labels against the source table. If a value is missing, leave the cell blank rather than guessing.","Before you publish the chart, check the labels against the source table. If a value is missing, leave the cell blank rather than guessing.","Before you publish the chart, check the labels against the source table. If a value is missing, leave the cell blank rather than guessing.","","","","","","",""
"pair-0095","multi-sentence-instruction","Before you publish the chart, check the labels against the source table. If a value is missing, leave the cell blank rather than guessing.","Before you publish the chart, check the labels against the source table. If a value is missing, leave the cell blank rather than guessing.","Before you publish the chart, check the labels against the source table. If a value is missing, leave the cell blank rather than guessing.","","","","","","",""
"pair-0096","multi-sentence-instruction","Before you publish the chart, check the labels against the source table. If a value is missing, leave the cell blank rather than guessing.","Before you publish the chart, check the labels against the source table. Leave the cell blank rather than guessing if a value is missing.","Before you publish the chart, check the labels against the source table. If a value is missing, leave the cell blank rather than guessing.","","","","","","",""
"pair-0097","multi-sentence-technical-anchors","Version 3.4 exports each note as a UTF-8 file and keeps the folder names unchanged. The migration has not been tested on iOS 17.6.","Version 3.4 exports each note as an UTF-8 file and keeps the folder names unchanged. The migration has not been tested on iOS 17.6.","Version 3.4 exports each note as an UTF-8 file and keeps the folder names unchanged. The migration has not been tested on iOS 17.6.","","","","","","",""
"pair-0098","multi-sentence-technical-anchors","Version 3.4 exports each note as a UTF-8 file and keeps the folder names unchanged. The migration has not been tested on iOS 17.6.","Version 3.4 exports each note as an UTF-8 file and keeps the folder names unchanged. The migration has not been tested on iOS 17.6.","Version 3.4 exports each note as an UTF-8 file and keeps the folder names unchanged. The migration has not been tested on iOS 17.6.","","","","","","",""
"pair-0099","multi-sentence-technical-anchors","Version 3.4 exports each note as a UTF-8 file and keeps the folder names unchanged. The migration has not been tested on iOS 17.6.","Version 3.4 exports each note as an UTF-8 file and keeps the folder names unchanged. The migration has not been tested on iOS 17.6.","Version 3.4 exports each note as an UTF-8 file and keeps the folder names unchanged. The migration has not been tested on iOS 17.6.","","","","","","",""
"pair-0100","multi-sentence-community","Residents asked for a quieter route near the school. The proposal changes the bus schedule, but it does not remove the morning stop.","Residents asked for a quieter route near the school. The proposal changes the bus schedule, but it does not remove the morning stop.","Residents asked for a quieter route near the school. The proposal changes the bus schedule, but it does not remove the morning stop.","","","","","","",""
"pair-0101","multi-sentence-community","Residents asked for a quieter route near the school. The proposal changes the bus schedule, but it does not remove the morning stop.","Residents asked for a quieter route near the school. The proposal changes the bus schedule, but it does not remove the morning stop.","Residents asked for a quieter route near the school. The proposal changes the bus schedule, but it does not remove the morning stop.","","","","","","",""
"pair-0102","multi-sentence-community","Residents asked for a quieter route near the school. The proposal changes the bus schedule, but it does not remove the morning stop.","Residents asked for a quieter route near the school. The proposal changes the bus schedule, but it does not remove the morning stop.","Residents asked for a quieter route near the school. The proposal changes the bus schedule, but it does not remove the morning stop.","","","","","","",""
"pair-0103","multi-sentence-academic-instruction","The instructor asked us to compare the two passages, not to choose a winner. I focused on how each author described the same event.","The instructor asked us to compare the two passages, not to choose a winner. I centered on how each author described the same event.","The instructor asked us to compare the two passages, not to choose a winner. I focused on how each author described the same event.","","","","","","",""
"pair-0104","multi-sentence-academic-instruction","The instructor asked us to compare the two passages, not to choose a winner. I focused on how each author described the same event.","The instructor asked us to compare the two passages, not to choose a winner. I centered on how each author described the same event.","The instructor asked us to compare the two passages, not to choose a winner. I centered on how each author described the same event.","","","","","","",""
"pair-0105","multi-sentence-academic-instruction","The instructor asked us to compare the two passages, not to choose a winner. I focused on how each author described the same event.","The instructor asked us to compare the two passages, not to choose a winner. I centered on how each author described the same event.","The instructor asked us to compare the two passages, not to choose a winner. I centered on how each author described the same event.","","","","","","",""
"pair-0106","multi-sentence-everyday-prose","I packed the charger, headphones, and notebook, but left the printed schedule at home. I checked the app before boarding and found the updated room number.","I packed the charger, headphones, and notebook, but left the printed schedule at home. I checked the platform before boarding and found the updated room number.","I packed the charger, headphones, and notebook, but left the printed schedule at home. I checked the app before boarding and found the updated room number.","","","","","","",""
"pair-0107","multi-sentence-everyday-prose","I packed the charger, headphones, and notebook, but left the printed schedule at home. I checked the app before boarding and found the updated room number.","I packed the charger, headphones, and notebook, but left the printed schedule at home. I checked the platform before boarding and found the updated room number.","I packed the charger, headphones, and notebook, but left the printed schedule at home. I checked the platform before boarding and found the updated room number.","","","","","","",""
"pair-0108","multi-sentence-everyday-prose","I packed the charger, headphones, and notebook, but left the printed schedule at home. I checked the app before boarding and found the updated room number.","I packed the charger, headphones, and notebook, but left the printed schedule at home. I checked the platform before boarding and found the updated room number.","I packed the charger, headphones, and notebook, but left the printed schedule at home. I checked the platform before boarding and found the updated room number.","","","","","","",""
"pair-0109","multi-sentence-qualification","Captions can make the recording easier to follow when the room is noisy. They may still miss a speaker's name, so check the transcript before quoting it.","Captions can make the recording easier to follow when the room is noisy. They may still miss a speaker's name, so check the transcript before quoting it.","Captions can make the recording easier to follow when the room is noisy. They may still miss a speaker's name, so check the transcript before quoting it.","","","","","","",""
"pair-0110","multi-sentence-qualification","Captions can make the recording easier to follow when the room is noisy. They may still miss a speaker's name, so check the transcript before quoting it.","Captions can make the recording easier to follow when the room is noisy. They may still miss a speaker's name, so check the transcript before quoting it.","Captions can make the recording easier to follow when the room is noisy. They may still miss a speaker's name, so check the transcript before quoting it.","","","","","","",""
"pair-0111","multi-sentence-qualification","Captions can make the recording easier to follow when the room is noisy. They may still miss a speaker's name, so check the transcript before quoting it.","When the room is noisy, captions can make the recording easier to follow. Before quoting it, they may still miss a speaker's name, so check the transcript.","Captions can make the recording easier to follow when the room is noisy. They may still miss a speaker's name, so check the transcript before quoting it.","","","","","","",""
"pair-0112","multi-sentence-condition","The review starts at 9:30 a.m. If the data export is late, we will move the discussion to the final 15 minutes.","The review starts at 9:30 a.m. If the data export is late, we will move the discussion to the final 15 minutes.","The review starts at 9:30 a.m. If the data export is late, we will move the discussion to the final 15 minutes.","","","","","","",""
"pair-0113","multi-sentence-condition","The review starts at 9:30 a.m. If the data export is late, we will move the discussion to the final 15 minutes.","The review starts at 9:30 a.m. If the data export is late, we will move the discussion to the final 15 minutes.","The review starts at 9:30 a.m. If the data export is late, we will move the discussion to the final 15 minutes.","","","","","","",""
"pair-0114","multi-sentence-condition","The review starts at 9:30 a.m. If the data export is late, we will move the discussion to the final 15 minutes.","The review starts at 9:30 a.m. If the data export is late, we will move the discussion to the final 15 minutes.","The review starts at 9:30 a.m. If the data export is late, we will move the discussion to the final 15 minutes.","","","","","","",""
"pair-0115","multi-sentence-contrast","Both drafts include the same evidence, but the second one states its conclusion earlier. That order makes the recommendation easier to find without changing the claim.","Both drafts cover the same evidence, but the second one states its conclusion earlier. That order makes the recommendation easier to find without changing the claim.","Both drafts cover the same evidence, but the second one states its conclusion earlier. That order makes the recommendation easier to find without changing the claim.","","","","","","",""
"pair-0116","multi-sentence-contrast","Both drafts include the same evidence, but the second one states its conclusion earlier. That order makes the recommendation easier to find without changing the claim.","Both drafts cover the same evidence, but the second one states its conclusion earlier. That order constructs the recommendation easier to find without changing the claim.","Both drafts cover the same evidence, but the second one states its conclusion earlier. That order makes the recommendation easier to find without changing the claim.","","","","","","",""
"pair-0117","multi-sentence-contrast","Both drafts include the same evidence, but the second one states its conclusion earlier. That order makes the recommendation easier to find without changing the claim.","Both drafts cover the same evidence, but the second one states its conclusion earlier. That order constructs the recommendation easier to find without changing the claim.","Both drafts cover the same evidence, but the second one states its conclusion earlier. That order constructs the recommendation easier to find without changing the claim.","","","","","","",""
"pair-0118","multi-sentence-purpose","The editor asked for a shorter introduction so the reader could reach the example sooner. We removed the repeated background, but kept the date and source note.","The editor asked for a shorter introduction so the reader could reach the example sooner. We removed the repeated background, but kept the date and source note.","The editor asked for a shorter introduction so the reader could reach the example sooner. We removed the repeated background, but kept the date and source note.","","","","","","",""
"pair-0119","multi-sentence-purpose","The editor asked for a shorter introduction so the reader could reach the example sooner. We removed the repeated background, but kept the date and source note.","The editor asked for a shorter introduction so the reader could reach the example sooner. We removed the repeated background, but kept the date and source note.","The editor asked for a shorter introduction so the reader could reach the example sooner. We removed the repeated background, but kept the date and source note.","","","","","","",""
"pair-0120","multi-sentence-purpose","The editor asked for a shorter introduction so the reader could reach the example sooner. We removed the repeated background, but kept the date and source note.","The editor asked for a shorter introduction so the reader could reach the example sooner. We removed the repeated background, but kept the date and source note.","The editor asked for a shorter introduction so the reader could reach the example sooner. We removed the repeated background, but kept the date and source note.","","","","","","",""
