caseId,category,engine,meaningAdequacy,coherenceCohesion,grammarFluency,lexicalCollocation,editDiscipline,notes
me-01,meaning_equivalence,original-reference,,,,,,
me-02,meaning_equivalence,original-reference,,,,,,
me-03,meaning_equivalence,original-reference,,,,,,
me-04,meaning_equivalence,original-reference,,,,,,
me-05,meaning_equivalence,original-reference,,,,,,
me-06,meaning_equivalence,original-reference,,,,,,
co-01,cohesion_known_new,original-reference,,,,,,
co-02,cohesion_known_new,original-reference,,,,,,
co-03,cohesion_known_new,original-reference,,,,,,
co-04,cohesion_known_new,original-reference,,,,,,
co-05,cohesion_known_new,original-reference,,,,,,
co-06,cohesion_known_new,original-reference,,,,,,
lr-01,logical_relations,original-reference,,,,,,
lr-02,logical_relations,original-reference,,,,,,
lr-03,logical_relations,original-reference,,,,,,
lr-04,logical_relations,original-reference,,,,,,
lr-05,logical_relations,original-reference,,,,,,
lr-06,logical_relations,original-reference,,,,,,
rc-01,reference_coreference,original-reference,,,,,,
rc-02,reference_coreference,original-reference,,,,,,
rc-03,reference_coreference,original-reference,,,,,,
rc-04,reference_coreference,original-reference,,,,,,
rc-05,reference_coreference,original-reference,,,,,,
rc-06,reference_coreference,original-reference,,,,,,
mp-01,modality_negation_precision,original-reference,,,,,,
mp-02,modality_negation_precision,original-reference,,,,,,
mp-03,modality_negation_precision,original-reference,,,,,,
mp-04,modality_negation_precision,original-reference,,,,,,
mp-05,modality_negation_precision,original-reference,,,,,,
mp-06,modality_negation_precision,original-reference,,,,,,
fa-01,factual_anchors,original-reference,,,,,,
fa-02,factual_anchors,original-reference,,,,,,
fa-03,factual_anchors,original-reference,,,,,,
fa-04,factual_anchors,original-reference,,,,,,
fa-05,factual_anchors,original-reference,,,,,,
fa-06,factual_anchors,original-reference,,,,,,
gm-01,grammar_minimal_edit,original-reference,,,,,,
gm-02,grammar_minimal_edit,original-reference,,,,,,
gm-03,grammar_minimal_edit,original-reference,,,,,,
gm-04,grammar_minimal_edit,original-reference,,,,,,
gm-05,grammar_minimal_edit,original-reference,,,,,,
gm-06,grammar_minimal_edit,original-reference,,,,,,
ss-01,sentence_structure,original-reference,,,,,,
ss-02,sentence_structure,original-reference,,,,,,
ss-03,sentence_structure,original-reference,,,,,,
ss-04,sentence_structure,original-reference,,,,,,
ss-05,sentence_structure,original-reference,,,,,,
ss-06,sentence_structure,original-reference,,,,,,
lc-01,lexical_collocation,original-reference,,,,,,
lc-02,lexical_collocation,original-reference,,,,,,
lc-03,lexical_collocation,original-reference,,,,,,
lc-04,lexical_collocation,original-reference,,,,,,
lc-05,lexical_collocation,original-reference,,,,,,
lc-06,lexical_collocation,original-reference,,,,,,
rt-01,register_tone,original-reference,,,,,,
rt-02,register_tone,original-reference,,,,,,
rt-03,register_tone,original-reference,,,,,,
rt-04,register_tone,original-reference,,,,,,
rt-05,register_tone,original-reference,,,,,,
rt-06,register_tone,original-reference,,,,,,
pu-01,paragraph_unity_redundancy,original-reference,,,,,,
pu-02,paragraph_unity_redundancy,original-reference,,,,,,
pu-03,paragraph_unity_redundancy,original-reference,,,,,,
pu-04,paragraph_unity_redundancy,original-reference,,,,,,
pu-05,paragraph_unity_redundancy,original-reference,,,,,,
pu-06,paragraph_unity_redundancy,original-reference,,,,,,
ai-01,ambiguity_non_invention,original-reference,,,,,,
ai-02,ambiguity_non_invention,original-reference,,,,,,
ai-03,ambiguity_non_invention,original-reference,,,,,,
ai-04,ambiguity_non_invention,original-reference,,,,,,
ai-05,ambiguity_non_invention,original-reference,,,,,,
ai-06,ambiguity_non_invention,original-reference,,,,,,
me-01,meaning_equivalence,local-safe-engine,,,,,,
me-02,meaning_equivalence,local-safe-engine,,,,,,
me-03,meaning_equivalence,local-safe-engine,,,,,,
me-04,meaning_equivalence,local-safe-engine,,,,,,
me-05,meaning_equivalence,local-safe-engine,,,,,,
me-06,meaning_equivalence,local-safe-engine,,,,,,
co-01,cohesion_known_new,local-safe-engine,,,,,,
co-02,cohesion_known_new,local-safe-engine,,,,,,
co-03,cohesion_known_new,local-safe-engine,,,,,,
co-04,cohesion_known_new,local-safe-engine,,,,,,
co-05,cohesion_known_new,local-safe-engine,,,,,,
co-06,cohesion_known_new,local-safe-engine,,,,,,
lr-01,logical_relations,local-safe-engine,,,,,,
lr-02,logical_relations,local-safe-engine,,,,,,
lr-03,logical_relations,local-safe-engine,,,,,,
lr-04,logical_relations,local-safe-engine,,,,,,
lr-05,logical_relations,local-safe-engine,,,,,,
lr-06,logical_relations,local-safe-engine,,,,,,
rc-01,reference_coreference,local-safe-engine,,,,,,
rc-02,reference_coreference,local-safe-engine,,,,,,
rc-03,reference_coreference,local-safe-engine,,,,,,
rc-04,reference_coreference,local-safe-engine,,,,,,
rc-05,reference_coreference,local-safe-engine,,,,,,
rc-06,reference_coreference,local-safe-engine,,,,,,
mp-01,modality_negation_precision,local-safe-engine,,,,,,
mp-02,modality_negation_precision,local-safe-engine,,,,,,
mp-03,modality_negation_precision,local-safe-engine,,,,,,
mp-04,modality_negation_precision,local-safe-engine,,,,,,
mp-05,modality_negation_precision,local-safe-engine,,,,,,
mp-06,modality_negation_precision,local-safe-engine,,,,,,
fa-01,factual_anchors,local-safe-engine,,,,,,
fa-02,factual_anchors,local-safe-engine,,,,,,
fa-03,factual_anchors,local-safe-engine,,,,,,
fa-04,factual_anchors,local-safe-engine,,,,,,
fa-05,factual_anchors,local-safe-engine,,,,,,
fa-06,factual_anchors,local-safe-engine,,,,,,
gm-01,grammar_minimal_edit,local-safe-engine,,,,,,
gm-02,grammar_minimal_edit,local-safe-engine,,,,,,
gm-03,grammar_minimal_edit,local-safe-engine,,,,,,
gm-04,grammar_minimal_edit,local-safe-engine,,,,,,
gm-05,grammar_minimal_edit,local-safe-engine,,,,,,
gm-06,grammar_minimal_edit,local-safe-engine,,,,,,
ss-01,sentence_structure,local-safe-engine,,,,,,
ss-02,sentence_structure,local-safe-engine,,,,,,
ss-03,sentence_structure,local-safe-engine,,,,,,
ss-04,sentence_structure,local-safe-engine,,,,,,
ss-05,sentence_structure,local-safe-engine,,,,,,
ss-06,sentence_structure,local-safe-engine,,,,,,
lc-01,lexical_collocation,local-safe-engine,,,,,,
lc-02,lexical_collocation,local-safe-engine,,,,,,
lc-03,lexical_collocation,local-safe-engine,,,,,,
lc-04,lexical_collocation,local-safe-engine,,,,,,
lc-05,lexical_collocation,local-safe-engine,,,,,,
lc-06,lexical_collocation,local-safe-engine,,,,,,
rt-01,register_tone,local-safe-engine,,,,,,
rt-02,register_tone,local-safe-engine,,,,,,
rt-03,register_tone,local-safe-engine,,,,,,
rt-04,register_tone,local-safe-engine,,,,,,
rt-05,register_tone,local-safe-engine,,,,,,
rt-06,register_tone,local-safe-engine,,,,,,
pu-01,paragraph_unity_redundancy,local-safe-engine,,,,,,
pu-02,paragraph_unity_redundancy,local-safe-engine,,,,,,
pu-03,paragraph_unity_redundancy,local-safe-engine,,,,,,
pu-04,paragraph_unity_redundancy,local-safe-engine,,,,,,
pu-05,paragraph_unity_redundancy,local-safe-engine,,,,,,
pu-06,paragraph_unity_redundancy,local-safe-engine,,,,,,
ai-01,ambiguity_non_invention,local-safe-engine,,,,,,
ai-02,ambiguity_non_invention,local-safe-engine,,,,,,
ai-03,ambiguity_non_invention,local-safe-engine,,,,,,
ai-04,ambiguity_non_invention,local-safe-engine,,,,,,
ai-05,ambiguity_non_invention,local-safe-engine,,,,,,
ai-06,ambiguity_non_invention,local-safe-engine,,,,,,
me-01,meaning_equivalence,qwen3-4b-incumbent,,,,,,
me-02,meaning_equivalence,qwen3-4b-incumbent,,,,,,
me-03,meaning_equivalence,qwen3-4b-incumbent,,,,,,
me-04,meaning_equivalence,qwen3-4b-incumbent,,,,,,
me-05,meaning_equivalence,qwen3-4b-incumbent,,,,,,
me-06,meaning_equivalence,qwen3-4b-incumbent,,,,,,
co-01,cohesion_known_new,qwen3-4b-incumbent,,,,,,
co-02,cohesion_known_new,qwen3-4b-incumbent,,,,,,
co-03,cohesion_known_new,qwen3-4b-incumbent,,,,,,
co-04,cohesion_known_new,qwen3-4b-incumbent,,,,,,
co-05,cohesion_known_new,qwen3-4b-incumbent,,,,,,
co-06,cohesion_known_new,qwen3-4b-incumbent,,,,,,
lr-01,logical_relations,qwen3-4b-incumbent,,,,,,
lr-02,logical_relations,qwen3-4b-incumbent,,,,,,
lr-03,logical_relations,qwen3-4b-incumbent,,,,,,
lr-04,logical_relations,qwen3-4b-incumbent,,,,,,
lr-05,logical_relations,qwen3-4b-incumbent,,,,,,
lr-06,logical_relations,qwen3-4b-incumbent,,,,,,
rc-01,reference_coreference,qwen3-4b-incumbent,,,,,,
rc-02,reference_coreference,qwen3-4b-incumbent,,,,,,
rc-03,reference_coreference,qwen3-4b-incumbent,,,,,,
rc-04,reference_coreference,qwen3-4b-incumbent,,,,,,
rc-05,reference_coreference,qwen3-4b-incumbent,,,,,,
rc-06,reference_coreference,qwen3-4b-incumbent,,,,,,
mp-01,modality_negation_precision,qwen3-4b-incumbent,,,,,,
mp-02,modality_negation_precision,qwen3-4b-incumbent,,,,,,
mp-03,modality_negation_precision,qwen3-4b-incumbent,,,,,,
mp-04,modality_negation_precision,qwen3-4b-incumbent,,,,,,
mp-05,modality_negation_precision,qwen3-4b-incumbent,,,,,,
mp-06,modality_negation_precision,qwen3-4b-incumbent,,,,,,
fa-01,factual_anchors,qwen3-4b-incumbent,,,,,,
fa-02,factual_anchors,qwen3-4b-incumbent,,,,,,
fa-03,factual_anchors,qwen3-4b-incumbent,,,,,,
fa-04,factual_anchors,qwen3-4b-incumbent,,,,,,
fa-05,factual_anchors,qwen3-4b-incumbent,,,,,,
fa-06,factual_anchors,qwen3-4b-incumbent,,,,,,
gm-01,grammar_minimal_edit,qwen3-4b-incumbent,,,,,,
gm-02,grammar_minimal_edit,qwen3-4b-incumbent,,,,,,
gm-03,grammar_minimal_edit,qwen3-4b-incumbent,,,,,,
gm-04,grammar_minimal_edit,qwen3-4b-incumbent,,,,,,
gm-05,grammar_minimal_edit,qwen3-4b-incumbent,,,,,,
gm-06,grammar_minimal_edit,qwen3-4b-incumbent,,,,,,
ss-01,sentence_structure,qwen3-4b-incumbent,,,,,,
ss-02,sentence_structure,qwen3-4b-incumbent,,,,,,
ss-03,sentence_structure,qwen3-4b-incumbent,,,,,,
ss-04,sentence_structure,qwen3-4b-incumbent,,,,,,
ss-05,sentence_structure,qwen3-4b-incumbent,,,,,,
ss-06,sentence_structure,qwen3-4b-incumbent,,,,,,
lc-01,lexical_collocation,qwen3-4b-incumbent,,,,,,
lc-02,lexical_collocation,qwen3-4b-incumbent,,,,,,
lc-03,lexical_collocation,qwen3-4b-incumbent,,,,,,
lc-04,lexical_collocation,qwen3-4b-incumbent,,,,,,
lc-05,lexical_collocation,qwen3-4b-incumbent,,,,,,
lc-06,lexical_collocation,qwen3-4b-incumbent,,,,,,
rt-01,register_tone,qwen3-4b-incumbent,,,,,,
rt-02,register_tone,qwen3-4b-incumbent,,,,,,
rt-03,register_tone,qwen3-4b-incumbent,,,,,,
rt-04,register_tone,qwen3-4b-incumbent,,,,,,
rt-05,register_tone,qwen3-4b-incumbent,,,,,,
rt-06,register_tone,qwen3-4b-incumbent,,,,,,
pu-01,paragraph_unity_redundancy,qwen3-4b-incumbent,,,,,,
pu-02,paragraph_unity_redundancy,qwen3-4b-incumbent,,,,,,
pu-03,paragraph_unity_redundancy,qwen3-4b-incumbent,,,,,,
pu-04,paragraph_unity_redundancy,qwen3-4b-incumbent,,,,,,
pu-05,paragraph_unity_redundancy,qwen3-4b-incumbent,,,,,,
pu-06,paragraph_unity_redundancy,qwen3-4b-incumbent,,,,,,
ai-01,ambiguity_non_invention,qwen3-4b-incumbent,,,,,,
ai-02,ambiguity_non_invention,qwen3-4b-incumbent,,,,,,
ai-03,ambiguity_non_invention,qwen3-4b-incumbent,,,,,,
ai-04,ambiguity_non_invention,qwen3-4b-incumbent,,,,,,
ai-05,ambiguity_non_invention,qwen3-4b-incumbent,,,,,,
ai-06,ambiguity_non_invention,qwen3-4b-incumbent,,,,,,
me-01,meaning_equivalence,qwen3-4b-incumbent-pari-boundary,,,,,,
me-02,meaning_equivalence,qwen3-4b-incumbent-pari-boundary,,,,,,
me-03,meaning_equivalence,qwen3-4b-incumbent-pari-boundary,,,,,,
me-04,meaning_equivalence,qwen3-4b-incumbent-pari-boundary,,,,,,
me-05,meaning_equivalence,qwen3-4b-incumbent-pari-boundary,,,,,,
me-06,meaning_equivalence,qwen3-4b-incumbent-pari-boundary,,,,,,
co-01,cohesion_known_new,qwen3-4b-incumbent-pari-boundary,,,,,,
co-02,cohesion_known_new,qwen3-4b-incumbent-pari-boundary,,,,,,
co-03,cohesion_known_new,qwen3-4b-incumbent-pari-boundary,,,,,,
co-04,cohesion_known_new,qwen3-4b-incumbent-pari-boundary,,,,,,
co-05,cohesion_known_new,qwen3-4b-incumbent-pari-boundary,,,,,,
co-06,cohesion_known_new,qwen3-4b-incumbent-pari-boundary,,,,,,
lr-01,logical_relations,qwen3-4b-incumbent-pari-boundary,,,,,,
lr-02,logical_relations,qwen3-4b-incumbent-pari-boundary,,,,,,
lr-03,logical_relations,qwen3-4b-incumbent-pari-boundary,,,,,,
lr-04,logical_relations,qwen3-4b-incumbent-pari-boundary,,,,,,
lr-05,logical_relations,qwen3-4b-incumbent-pari-boundary,,,,,,
lr-06,logical_relations,qwen3-4b-incumbent-pari-boundary,,,,,,
rc-01,reference_coreference,qwen3-4b-incumbent-pari-boundary,,,,,,
rc-02,reference_coreference,qwen3-4b-incumbent-pari-boundary,,,,,,
rc-03,reference_coreference,qwen3-4b-incumbent-pari-boundary,,,,,,
rc-04,reference_coreference,qwen3-4b-incumbent-pari-boundary,,,,,,
rc-05,reference_coreference,qwen3-4b-incumbent-pari-boundary,,,,,,
rc-06,reference_coreference,qwen3-4b-incumbent-pari-boundary,,,,,,
mp-01,modality_negation_precision,qwen3-4b-incumbent-pari-boundary,,,,,,
mp-02,modality_negation_precision,qwen3-4b-incumbent-pari-boundary,,,,,,
mp-03,modality_negation_precision,qwen3-4b-incumbent-pari-boundary,,,,,,
mp-04,modality_negation_precision,qwen3-4b-incumbent-pari-boundary,,,,,,
mp-05,modality_negation_precision,qwen3-4b-incumbent-pari-boundary,,,,,,
mp-06,modality_negation_precision,qwen3-4b-incumbent-pari-boundary,,,,,,
fa-01,factual_anchors,qwen3-4b-incumbent-pari-boundary,,,,,,
fa-02,factual_anchors,qwen3-4b-incumbent-pari-boundary,,,,,,
fa-03,factual_anchors,qwen3-4b-incumbent-pari-boundary,,,,,,
fa-04,factual_anchors,qwen3-4b-incumbent-pari-boundary,,,,,,
fa-05,factual_anchors,qwen3-4b-incumbent-pari-boundary,,,,,,
fa-06,factual_anchors,qwen3-4b-incumbent-pari-boundary,,,,,,
gm-01,grammar_minimal_edit,qwen3-4b-incumbent-pari-boundary,,,,,,
gm-02,grammar_minimal_edit,qwen3-4b-incumbent-pari-boundary,,,,,,
gm-03,grammar_minimal_edit,qwen3-4b-incumbent-pari-boundary,,,,,,
gm-04,grammar_minimal_edit,qwen3-4b-incumbent-pari-boundary,,,,,,
gm-05,grammar_minimal_edit,qwen3-4b-incumbent-pari-boundary,,,,,,
gm-06,grammar_minimal_edit,qwen3-4b-incumbent-pari-boundary,,,,,,
ss-01,sentence_structure,qwen3-4b-incumbent-pari-boundary,,,,,,
ss-02,sentence_structure,qwen3-4b-incumbent-pari-boundary,,,,,,
ss-03,sentence_structure,qwen3-4b-incumbent-pari-boundary,,,,,,
ss-04,sentence_structure,qwen3-4b-incumbent-pari-boundary,,,,,,
ss-05,sentence_structure,qwen3-4b-incumbent-pari-boundary,,,,,,
ss-06,sentence_structure,qwen3-4b-incumbent-pari-boundary,,,,,,
lc-01,lexical_collocation,qwen3-4b-incumbent-pari-boundary,,,,,,
lc-02,lexical_collocation,qwen3-4b-incumbent-pari-boundary,,,,,,
lc-03,lexical_collocation,qwen3-4b-incumbent-pari-boundary,,,,,,
lc-04,lexical_collocation,qwen3-4b-incumbent-pari-boundary,,,,,,
lc-05,lexical_collocation,qwen3-4b-incumbent-pari-boundary,,,,,,
lc-06,lexical_collocation,qwen3-4b-incumbent-pari-boundary,,,,,,
rt-01,register_tone,qwen3-4b-incumbent-pari-boundary,,,,,,
rt-02,register_tone,qwen3-4b-incumbent-pari-boundary,,,,,,
rt-03,register_tone,qwen3-4b-incumbent-pari-boundary,,,,,,
rt-04,register_tone,qwen3-4b-incumbent-pari-boundary,,,,,,
rt-05,register_tone,qwen3-4b-incumbent-pari-boundary,,,,,,
rt-06,register_tone,qwen3-4b-incumbent-pari-boundary,,,,,,
pu-01,paragraph_unity_redundancy,qwen3-4b-incumbent-pari-boundary,,,,,,
pu-02,paragraph_unity_redundancy,qwen3-4b-incumbent-pari-boundary,,,,,,
pu-03,paragraph_unity_redundancy,qwen3-4b-incumbent-pari-boundary,,,,,,
pu-04,paragraph_unity_redundancy,qwen3-4b-incumbent-pari-boundary,,,,,,
pu-05,paragraph_unity_redundancy,qwen3-4b-incumbent-pari-boundary,,,,,,
pu-06,paragraph_unity_redundancy,qwen3-4b-incumbent-pari-boundary,,,,,,
ai-01,ambiguity_non_invention,qwen3-4b-incumbent-pari-boundary,,,,,,
ai-02,ambiguity_non_invention,qwen3-4b-incumbent-pari-boundary,,,,,,
ai-03,ambiguity_non_invention,qwen3-4b-incumbent-pari-boundary,,,,,,
ai-04,ambiguity_non_invention,qwen3-4b-incumbent-pari-boundary,,,,,,
ai-05,ambiguity_non_invention,qwen3-4b-incumbent-pari-boundary,,,,,,
ai-06,ambiguity_non_invention,qwen3-4b-incumbent-pari-boundary,,,,,,
me-01,meaning_equivalence,qwen35-4b-control,,,,,,
me-02,meaning_equivalence,qwen35-4b-control,,,,,,
me-03,meaning_equivalence,qwen35-4b-control,,,,,,
me-04,meaning_equivalence,qwen35-4b-control,,,,,,
me-05,meaning_equivalence,qwen35-4b-control,,,,,,
me-06,meaning_equivalence,qwen35-4b-control,,,,,,
co-01,cohesion_known_new,qwen35-4b-control,,,,,,
co-02,cohesion_known_new,qwen35-4b-control,,,,,,
co-03,cohesion_known_new,qwen35-4b-control,,,,,,
co-04,cohesion_known_new,qwen35-4b-control,,,,,,
co-05,cohesion_known_new,qwen35-4b-control,,,,,,
co-06,cohesion_known_new,qwen35-4b-control,,,,,,
lr-01,logical_relations,qwen35-4b-control,,,,,,
lr-02,logical_relations,qwen35-4b-control,,,,,,
lr-03,logical_relations,qwen35-4b-control,,,,,,
lr-04,logical_relations,qwen35-4b-control,,,,,,
lr-05,logical_relations,qwen35-4b-control,,,,,,
lr-06,logical_relations,qwen35-4b-control,,,,,,
rc-01,reference_coreference,qwen35-4b-control,,,,,,
rc-02,reference_coreference,qwen35-4b-control,,,,,,
rc-03,reference_coreference,qwen35-4b-control,,,,,,
rc-04,reference_coreference,qwen35-4b-control,,,,,,
rc-05,reference_coreference,qwen35-4b-control,,,,,,
rc-06,reference_coreference,qwen35-4b-control,,,,,,
mp-01,modality_negation_precision,qwen35-4b-control,,,,,,
mp-02,modality_negation_precision,qwen35-4b-control,,,,,,
mp-03,modality_negation_precision,qwen35-4b-control,,,,,,
mp-04,modality_negation_precision,qwen35-4b-control,,,,,,
mp-05,modality_negation_precision,qwen35-4b-control,,,,,,
mp-06,modality_negation_precision,qwen35-4b-control,,,,,,
fa-01,factual_anchors,qwen35-4b-control,,,,,,
fa-02,factual_anchors,qwen35-4b-control,,,,,,
fa-03,factual_anchors,qwen35-4b-control,,,,,,
fa-04,factual_anchors,qwen35-4b-control,,,,,,
fa-05,factual_anchors,qwen35-4b-control,,,,,,
fa-06,factual_anchors,qwen35-4b-control,,,,,,
gm-01,grammar_minimal_edit,qwen35-4b-control,,,,,,
gm-02,grammar_minimal_edit,qwen35-4b-control,,,,,,
gm-03,grammar_minimal_edit,qwen35-4b-control,,,,,,
gm-04,grammar_minimal_edit,qwen35-4b-control,,,,,,
gm-05,grammar_minimal_edit,qwen35-4b-control,,,,,,
gm-06,grammar_minimal_edit,qwen35-4b-control,,,,,,
ss-01,sentence_structure,qwen35-4b-control,,,,,,
ss-02,sentence_structure,qwen35-4b-control,,,,,,
ss-03,sentence_structure,qwen35-4b-control,,,,,,
ss-04,sentence_structure,qwen35-4b-control,,,,,,
ss-05,sentence_structure,qwen35-4b-control,,,,,,
ss-06,sentence_structure,qwen35-4b-control,,,,,,
lc-01,lexical_collocation,qwen35-4b-control,,,,,,
lc-02,lexical_collocation,qwen35-4b-control,,,,,,
lc-03,lexical_collocation,qwen35-4b-control,,,,,,
lc-04,lexical_collocation,qwen35-4b-control,,,,,,
lc-05,lexical_collocation,qwen35-4b-control,,,,,,
lc-06,lexical_collocation,qwen35-4b-control,,,,,,
rt-01,register_tone,qwen35-4b-control,,,,,,
rt-02,register_tone,qwen35-4b-control,,,,,,
rt-03,register_tone,qwen35-4b-control,,,,,,
rt-04,register_tone,qwen35-4b-control,,,,,,
rt-05,register_tone,qwen35-4b-control,,,,,,
rt-06,register_tone,qwen35-4b-control,,,,,,
pu-01,paragraph_unity_redundancy,qwen35-4b-control,,,,,,
pu-02,paragraph_unity_redundancy,qwen35-4b-control,,,,,,
pu-03,paragraph_unity_redundancy,qwen35-4b-control,,,,,,
pu-04,paragraph_unity_redundancy,qwen35-4b-control,,,,,,
pu-05,paragraph_unity_redundancy,qwen35-4b-control,,,,,,
pu-06,paragraph_unity_redundancy,qwen35-4b-control,,,,,,
ai-01,ambiguity_non_invention,qwen35-4b-control,,,,,,
ai-02,ambiguity_non_invention,qwen35-4b-control,,,,,,
ai-03,ambiguity_non_invention,qwen35-4b-control,,,,,,
ai-04,ambiguity_non_invention,qwen35-4b-control,,,,,,
ai-05,ambiguity_non_invention,qwen35-4b-control,,,,,,
ai-06,ambiguity_non_invention,qwen35-4b-control,,,,,,
me-01,meaning_equivalence,minicpm5-2b,,,,,,
me-02,meaning_equivalence,minicpm5-2b,,,,,,
me-03,meaning_equivalence,minicpm5-2b,,,,,,
me-04,meaning_equivalence,minicpm5-2b,,,,,,
me-05,meaning_equivalence,minicpm5-2b,,,,,,
me-06,meaning_equivalence,minicpm5-2b,,,,,,
co-01,cohesion_known_new,minicpm5-2b,,,,,,
co-02,cohesion_known_new,minicpm5-2b,,,,,,
co-03,cohesion_known_new,minicpm5-2b,,,,,,
co-04,cohesion_known_new,minicpm5-2b,,,,,,
co-05,cohesion_known_new,minicpm5-2b,,,,,,
co-06,cohesion_known_new,minicpm5-2b,,,,,,
lr-01,logical_relations,minicpm5-2b,,,,,,
lr-02,logical_relations,minicpm5-2b,,,,,,
lr-03,logical_relations,minicpm5-2b,,,,,,
lr-04,logical_relations,minicpm5-2b,,,,,,
lr-05,logical_relations,minicpm5-2b,,,,,,
lr-06,logical_relations,minicpm5-2b,,,,,,
rc-01,reference_coreference,minicpm5-2b,,,,,,
rc-02,reference_coreference,minicpm5-2b,,,,,,
rc-03,reference_coreference,minicpm5-2b,,,,,,
rc-04,reference_coreference,minicpm5-2b,,,,,,
rc-05,reference_coreference,minicpm5-2b,,,,,,
rc-06,reference_coreference,minicpm5-2b,,,,,,
mp-01,modality_negation_precision,minicpm5-2b,,,,,,
mp-02,modality_negation_precision,minicpm5-2b,,,,,,
mp-03,modality_negation_precision,minicpm5-2b,,,,,,
mp-04,modality_negation_precision,minicpm5-2b,,,,,,
mp-05,modality_negation_precision,minicpm5-2b,,,,,,
mp-06,modality_negation_precision,minicpm5-2b,,,,,,
fa-01,factual_anchors,minicpm5-2b,,,,,,
fa-02,factual_anchors,minicpm5-2b,,,,,,
fa-03,factual_anchors,minicpm5-2b,,,,,,
fa-04,factual_anchors,minicpm5-2b,,,,,,
fa-05,factual_anchors,minicpm5-2b,,,,,,
fa-06,factual_anchors,minicpm5-2b,,,,,,
gm-01,grammar_minimal_edit,minicpm5-2b,,,,,,
gm-02,grammar_minimal_edit,minicpm5-2b,,,,,,
gm-03,grammar_minimal_edit,minicpm5-2b,,,,,,
gm-04,grammar_minimal_edit,minicpm5-2b,,,,,,
gm-05,grammar_minimal_edit,minicpm5-2b,,,,,,
gm-06,grammar_minimal_edit,minicpm5-2b,,,,,,
ss-01,sentence_structure,minicpm5-2b,,,,,,
ss-02,sentence_structure,minicpm5-2b,,,,,,
ss-03,sentence_structure,minicpm5-2b,,,,,,
ss-04,sentence_structure,minicpm5-2b,,,,,,
ss-05,sentence_structure,minicpm5-2b,,,,,,
ss-06,sentence_structure,minicpm5-2b,,,,,,
lc-01,lexical_collocation,minicpm5-2b,,,,,,
lc-02,lexical_collocation,minicpm5-2b,,,,,,
lc-03,lexical_collocation,minicpm5-2b,,,,,,
lc-04,lexical_collocation,minicpm5-2b,,,,,,
lc-05,lexical_collocation,minicpm5-2b,,,,,,
lc-06,lexical_collocation,minicpm5-2b,,,,,,
rt-01,register_tone,minicpm5-2b,,,,,,
rt-02,register_tone,minicpm5-2b,,,,,,
rt-03,register_tone,minicpm5-2b,,,,,,
rt-04,register_tone,minicpm5-2b,,,,,,
rt-05,register_tone,minicpm5-2b,,,,,,
rt-06,register_tone,minicpm5-2b,,,,,,
pu-01,paragraph_unity_redundancy,minicpm5-2b,,,,,,
pu-02,paragraph_unity_redundancy,minicpm5-2b,,,,,,
pu-03,paragraph_unity_redundancy,minicpm5-2b,,,,,,
pu-04,paragraph_unity_redundancy,minicpm5-2b,,,,,,
pu-05,paragraph_unity_redundancy,minicpm5-2b,,,,,,
pu-06,paragraph_unity_redundancy,minicpm5-2b,,,,,,
ai-01,ambiguity_non_invention,minicpm5-2b,,,,,,
ai-02,ambiguity_non_invention,minicpm5-2b,,,,,,
ai-03,ambiguity_non_invention,minicpm5-2b,,,,,,
ai-04,ambiguity_non_invention,minicpm5-2b,,,,,,
ai-05,ambiguity_non_invention,minicpm5-2b,,,,,,
ai-06,ambiguity_non_invention,minicpm5-2b,,,,,,
